step,wall_time,metric_name,value
0,1758584827.0736578,hp_metric,-1.0
0,1758584827.1026278,_hparams_/experiment,0.0
0,1758584827.1026654,_hparams_/session_start_info,0.0
0,1758584827.1026752,_hparams_/session_end_info,0.0
0,1758584827.7600725,lr-Adam,6.721069075865671e-05
0,1758584827.7602937,lr-Adam-momentum,0.8999999761581421
9,1758584828.6030428,train_loss,0.17431259155273438
9,1758584828.603136,epoch,0.0
19,1758584829.2203224,train_loss,0.09244457632303238
19,1758584829.2203803,epoch,0.0
29,1758584829.8305912,train_loss,0.07366641610860825
29,1758584829.8306472,epoch,0.0
39,1758584830.4649248,train_loss,0.06885654479265213
39,1758584830.4649754,epoch,0.0
49,1758584831.0980065,train_loss,0.07188338786363602
49,1758584831.0980594,epoch,0.0
59,1758584831.712757,train_loss,0.06820233166217804
59,1758584831.712858,epoch,0.0
69,1758584832.3250759,train_loss,0.07119853794574738
69,1758584832.325129,epoch,0.0
79,1758584832.9353356,train_loss,0.06593018025159836
79,1758584832.935392,epoch,0.0
89,1758584833.5684757,train_loss,0.06775414943695068
89,1758584833.568514,epoch,0.0
99,1758584834.178729,train_loss,0.06800421327352524
99,1758584834.1787872,epoch,0.0
109,1758584834.7914026,train_loss,0.06308791041374207
109,1758584834.7914565,epoch,0.0
119,1758584835.413102,train_loss,0.06572728604078293
119,1758584835.413155,epoch,0.0
129,1758584836.04542,train_loss,0.06189745292067528
129,1758584836.045481,epoch,0.0
139,1758584836.658258,train_loss,0.06371093541383743
139,1758584836.6583126,epoch,0.0
149,1758584837.2697124,train_loss,0.06649576127529144
149,1758584837.269769,epoch,0.0
159,1758584837.8819506,train_loss,0.06686335802078247
159,1758584837.882005,epoch,0.0
169,1758584838.5178516,train_loss,0.06413695961236954
169,1758584838.5179043,epoch,0.0
179,1758584839.129952,train_loss,0.0591125451028347
179,1758584839.1300223,epoch,0.0
189,1758584839.745535,train_loss,0.06072142720222473
189,1758584839.7456107,epoch,0.0
199,1758584840.3668132,train_loss,0.05745207890868187
199,1758584840.3668833,epoch,0.0
209,1758584841.0007856,train_loss,0.057374194264411926
209,1758584841.0008464,epoch,0.0
219,1758584841.6132553,train_loss,0.05344928056001663
219,1758584841.613294,epoch,0.0
229,1758584842.2243724,train_loss,0.05752333626151085
229,1758584842.224426,epoch,0.0
239,1758584842.843169,train_loss,0.05991309508681297
239,1758584842.8432214,epoch,0.0
249,1758584843.478493,train_loss,0.05797552317380905
249,1758584843.4785535,epoch,0.0
259,1758584844.0838213,train_loss,0.058462727814912796
259,1758584844.0838912,epoch,0.0
0,1758584844.8731165,val_loss_step,0.05793943256139755
1,1758584844.900793,val_loss_step,0.06026843190193176
2,1758584844.9211087,val_loss_step,0.06371188908815384
3,1758584844.9410908,val_loss_step,0.05993596091866493
4,1758584844.96104,val_loss_step,0.060820844024419785
5,1758584844.9811106,val_loss_step,0.06418661773204803
6,1758584845.00471,val_loss_step,0.0614677257835865
7,1758584845.0268466,val_loss_step,0.06385727226734161
8,1758584845.053979,val_loss_step,0.05907099321484566
9,1758584845.078399,val_loss_step,0.06426723301410675
10,1758584845.0985398,val_loss_step,0.05412982031702995
11,1758584845.1186366,val_loss_step,0.05279003083705902
12,1758584845.1396291,val_loss_step,0.05263230577111244
13,1758584845.1593134,val_loss_step,0.049732938408851624
14,1758584845.180821,val_loss_step,0.04970657080411911
15,1758584845.2068124,val_loss_step,0.05386626720428467
16,1758584845.2341647,val_loss_step,0.05821339040994644
17,1758584845.2591743,val_loss_step,0.0567910298705101
18,1758584845.27902,val_loss_step,0.058922648429870605
19,1758584845.2989807,val_loss_step,0.05380880460143089
20,1758584845.3186507,val_loss_step,0.05400858074426651
21,1758584845.3382654,val_loss_step,0.056808795779943466
22,1758584845.3593843,val_loss_step,0.055998679250478745
23,1758584845.3866615,val_loss_step,0.05823551490902901
24,1758584845.4115293,val_loss_step,0.05287661775946617
25,1758584845.4358578,val_loss_step,0.060138482600450516
26,1758584845.4557593,val_loss_step,0.05113347992300987
27,1758584845.475286,val_loss_step,0.05439705029129982
28,1758584845.4953272,val_loss_step,0.05380673706531525
29,1758584845.5150914,val_loss_step,0.06092381104826927
30,1758584845.5367596,val_loss_step,0.05147171393036842
31,1758584845.5659606,val_loss_step,0.0576360784471035
32,1758584845.5906873,val_loss_step,0.05837661027908325
33,1758584845.61538,val_loss_step,0.054112665355205536
34,1758584845.6358407,val_loss_step,0.05229518562555313
35,1758584845.6563897,val_loss_step,0.0475134514272213
36,1758584845.676524,val_loss_step,0.0523284450173378
37,1758584845.6971097,val_loss_step,0.048108603805303574
38,1758584845.7185936,val_loss_step,0.04943238943815231
39,1758584845.7473257,val_loss_step,0.0533892884850502
40,1758584845.7726128,val_loss_step,0.050195422023534775
41,1758584845.7979496,val_loss_step,0.05144009366631508
42,1758584845.818447,val_loss_step,0.053236376494169235
43,1758584845.8381271,val_loss_step,0.047816116362810135
44,1758584845.857586,val_loss_step,0.05080914869904518
45,1758584845.876847,val_loss_step,0.0488600954413414
46,1758584845.8974576,val_loss_step,0.050356119871139526
47,1758584845.9231248,val_loss_step,0.05300921946763992
48,1758584845.9457552,val_loss_step,0.05116870999336243
49,1758584845.9690313,val_loss_step,0.05251350253820419
50,1758584845.9884017,val_loss_step,0.054163672029972076
51,1758584846.0073535,val_loss_step,0.05113227292895317
52,1758584846.0267968,val_loss_step,0.050440140068531036
53,1758584846.046226,val_loss_step,0.05321592837572098
54,1758584846.0672817,val_loss_step,0.052176233381032944
55,1758584846.0882058,val_loss_step,0.056354593485593796
267,1758584846.0904732,val_loss_epoch,0.054749995470047
267,1758584846.0905237,epoch,0.0
268,1758584864.411398,lr-Adam,6.721069075865671e-05
268,1758584864.4114923,lr-Adam-momentum,0.8999999761581421
269,1758584864.8385527,train_loss,0.057981546968221664
269,1758584864.8386562,epoch,1.0
279,1758584865.4641771,train_loss,0.05814084783196449
279,1758584865.4642472,epoch,1.0
289,1758584866.0900147,train_loss,0.056460700929164886
289,1758584866.0900784,epoch,1.0
299,1758584866.7051353,train_loss,0.05696791410446167
299,1758584866.705174,epoch,1.0
309,1758584867.3635798,train_loss,0.05280793458223343
309,1758584867.3636208,epoch,1.0
319,1758584868.0000637,train_loss,0.051512449979782104
319,1758584868.0001142,epoch,1.0
329,1758584868.6219714,train_loss,0.05495553836226463
329,1758584868.6220338,epoch,1.0
339,1758584869.250685,train_loss,0.05100897327065468
339,1758584869.2507234,epoch,1.0
349,1758584869.8836129,train_loss,0.05514838919043541
349,1758584869.8836682,epoch,1.0
359,1758584870.4977725,train_loss,0.0515473410487175
359,1758584870.4978323,epoch,1.0
369,1758584871.1089873,train_loss,0.053965695202350616
369,1758584871.1090407,epoch,1.0
379,1758584871.7231674,train_loss,0.051246434450149536
379,1758584871.7232208,epoch,1.0
389,1758584872.3560615,train_loss,0.05575784668326378
389,1758584872.356116,epoch,1.0
399,1758584872.972601,train_loss,0.05101179704070091
399,1758584872.9726386,epoch,1.0
409,1758584873.5840178,train_loss,0.05558464303612709
409,1758584873.5840545,epoch,1.0
419,1758584874.195526,train_loss,0.05120524391531944
419,1758584874.195585,epoch,1.0
429,1758584874.830072,train_loss,0.04950379580259323
429,1758584874.8301091,epoch,1.0
439,1758584875.4632487,train_loss,0.05083330348134041
439,1758584875.4632962,epoch,1.0
449,1758584876.081906,train_loss,0.058089397847652435
449,1758584876.081964,epoch,1.0
459,1758584876.6997483,train_loss,0.05194563418626785
459,1758584876.699802,epoch,1.0
469,1758584877.3317456,train_loss,0.05346006527543068
469,1758584877.3318014,epoch,1.0
479,1758584877.9476151,train_loss,0.054867733269929886
479,1758584877.947669,epoch,1.0
489,1758584878.5620043,train_loss,0.052148040384054184
489,1758584878.562059,epoch,1.0
499,1758584879.1776075,train_loss,0.05495273321866989
499,1758584879.1776636,epoch,1.0
509,1758584879.8117988,train_loss,0.0537647008895874
509,1758584879.8118541,epoch,1.0
519,1758584880.4783444,train_loss,0.05586927384138107
519,1758584880.4783864,epoch,1.0
529,1758584881.083229,train_loss,0.048573579639196396
529,1758584881.0832694,epoch,1.0
56,1758584881.7329435,val_loss_step,0.06156035512685776
57,1758584881.7550173,val_loss_step,0.0648609846830368
58,1758584881.7751741,val_loss_step,0.06733212620019913
59,1758584881.7954774,val_loss_step,0.06221471354365349
60,1758584881.8177125,val_loss_step,0.06364276260137558
61,1758584881.8376775,val_loss_step,0.06788106262683868
62,1758584881.8575404,val_loss_step,0.063857302069664
63,1758584881.8794384,val_loss_step,0.06580903381109238
64,1758584881.9131663,val_loss_step,0.06248091906309128
65,1758584881.933239,val_loss_step,0.06857598572969437
66,1758584881.9531074,val_loss_step,0.058978427201509476
67,1758584881.9731588,val_loss_step,0.05744493752717972
68,1758584881.9948587,val_loss_step,0.057374436408281326
69,1758584882.0143642,val_loss_step,0.05332152172923088
70,1758584882.0344596,val_loss_step,0.055303171277046204
71,1758584882.0588233,val_loss_step,0.05737616866827011
72,1758584882.0912766,val_loss_step,0.06172458454966545
73,1758584882.111593,val_loss_step,0.05924927815794945
74,1758584882.1315587,val_loss_step,0.06298652291297913
75,1758584882.151992,val_loss_step,0.05789488926529884
76,1758584882.173926,val_loss_step,0.058545537292957306
77,1758584882.193878,val_loss_step,0.06249171495437622
78,1758584882.213848,val_loss_step,0.057427193969488144
79,1758584882.2419033,val_loss_step,0.06297911703586578
80,1758584882.273174,val_loss_step,0.05692595988512039
81,1758584882.2931957,val_loss_step,0.06224800646305084
82,1758584882.312995,val_loss_step,0.05565275624394417
83,1758584882.3330953,val_loss_step,0.05806295573711395
84,1758584882.355248,val_loss_step,0.05953901633620262
85,1758584882.3752913,val_loss_step,0.06529176235198975
86,1758584882.3949327,val_loss_step,0.05722009390592575
87,1758584882.422705,val_loss_step,0.0608273446559906
88,1758584882.4532163,val_loss_step,0.06186647340655327
89,1758584882.4736152,val_loss_step,0.058212604373693466
90,1758584882.4935703,val_loss_step,0.05474031716585159
91,1758584882.5137846,val_loss_step,0.05080360919237137
92,1758584882.5358858,val_loss_step,0.05619148537516594
93,1758584882.5560489,val_loss_step,0.05121377483010292
94,1758584882.575656,val_loss_step,0.05420524254441261
95,1758584882.6027112,val_loss_step,0.05825663357973099
96,1758584882.633054,val_loss_step,0.054183702915906906
97,1758584882.6534624,val_loss_step,0.05438507720828056
98,1758584882.6736164,val_loss_step,0.057936716824769974
99,1758584882.693512,val_loss_step,0.05278326943516731
100,1758584882.7153165,val_loss_step,0.05679267644882202
101,1758584882.7360587,val_loss_step,0.05396132916212082
102,1758584882.756179,val_loss_step,0.05282082408666611
103,1758584882.7811189,val_loss_step,0.05641051381826401
104,1758584882.807433,val_loss_step,0.05361928045749664
105,1758584882.827035,val_loss_step,0.0556965246796608
106,1758584882.8462977,val_loss_step,0.05732247605919838
107,1758584882.8657205,val_loss_step,0.05407600849866867
108,1758584882.8870714,val_loss_step,0.05445796996355057
109,1758584882.9062393,val_loss_step,0.056239619851112366
110,1758584882.925221,val_loss_step,0.055084478110075
111,1758584882.9463267,val_loss_step,0.05740877985954285
535,1758584882.9486406,val_loss_epoch,0.05849553272128105
535,1758584882.9486759,epoch,1.0
536,1758584882.9520583,lr-Adam,6.721069075865671e-05
536,1758584882.9520867,lr-Adam-momentum,0.8999999761581421
539,1758584883.4647431,train_loss,0.05265119671821594
539,1758584883.4648476,epoch,2.0
549,1758584884.0794969,train_loss,0.05020394176244736
549,1758584884.0795352,epoch,2.0
559,1758584884.694888,train_loss,0.053463876247406006
559,1758584884.6949413,epoch,2.0
569,1758584885.3290617,train_loss,0.053698133677244186
569,1758584885.329126,epoch,2.0
579,1758584885.9424305,train_loss,0.05188143998384476
579,1758584885.9424853,epoch,2.0
589,1758584886.5572255,train_loss,0.05473821982741356
589,1758584886.5572803,epoch,2.0
599,1758584887.1723974,train_loss,0.053080230951309204
599,1758584887.1724517,epoch,2.0
609,1758584887.8106694,train_loss,0.05019511282444
609,1758584887.8107135,epoch,2.0
619,1758584888.4289713,train_loss,0.0506734773516655
619,1758584888.429031,epoch,2.0
629,1758584889.0512767,train_loss,0.05459175631403923
629,1758584889.0513313,epoch,2.0
639,1758584889.6657224,train_loss,0.051304712891578674
639,1758584889.6657765,epoch,2.0
649,1758584890.3287458,train_loss,0.05045823007822037
649,1758584890.328835,epoch,2.0
659,1758584890.945077,train_loss,0.055723756551742554
659,1758584890.945138,epoch,2.0
669,1758584891.5795262,train_loss,0.05297937989234924
669,1758584891.579593,epoch,2.0
679,1758584892.1899302,train_loss,0.05506684631109238
679,1758584892.1899827,epoch,2.0
689,1758584892.8237116,train_loss,0.04964960366487503
689,1758584892.8237653,epoch,2.0
699,1758584893.4363034,train_loss,0.052055686712265015
699,1758584893.436357,epoch,2.0
709,1758584894.0492027,train_loss,0.0567542165517807
709,1758584894.049256,epoch,2.0
719,1758584894.6643813,train_loss,0.05206877365708351
719,1758584894.6644351,epoch,2.0
729,1758584895.2974036,train_loss,0.05299733951687813
729,1758584895.2974558,epoch,2.0
739,1758584895.9145973,train_loss,0.050328951328992844
739,1758584895.9146502,epoch,2.0
749,1758584896.5303822,train_loss,0.053013335913419724
749,1758584896.530436,epoch,2.0
759,1758584897.1444016,train_loss,0.050857894122600555
759,1758584897.144455,epoch,2.0
769,1758584897.7790167,train_loss,0.04765059053897858
769,1758584897.7790706,epoch,2.0
779,1758584898.4122596,train_loss,0.048160020262002945
779,1758584898.4123142,epoch,2.0
789,1758584899.0247912,train_loss,0.05229926481842995
789,1758584899.0248456,epoch,2.0
799,1758584899.629697,train_loss,0.057309627532958984
799,1758584899.6297472,epoch,2.0
112,1758584900.1661437,val_loss_step,0.06041368469595909
113,1758584900.1871858,val_loss_step,0.06303421407938004
114,1758584900.2071784,val_loss_step,0.0666685625910759
115,1758584900.2276769,val_loss_step,0.061227791011333466
116,1758584900.2480183,val_loss_step,0.06304733455181122
117,1758584900.268591,val_loss_step,0.06663975119590759
118,1758584900.2908263,val_loss_step,0.06353678554296494
119,1758584900.3106487,val_loss_step,0.0650787502527237
120,1758584900.3453314,val_loss_step,0.06226290762424469
121,1758584900.365804,val_loss_step,0.06687565892934799
122,1758584900.386048,val_loss_step,0.05731628090143204
123,1758584900.4057858,val_loss_step,0.057646654546260834
124,1758584900.4261527,val_loss_step,0.05598901957273483
125,1758584900.448343,val_loss_step,0.052769195288419724
126,1758584900.4736364,val_loss_step,0.054256193339824677
127,1758584900.4943352,val_loss_step,0.05551248416304588
128,1758584900.5509424,val_loss_step,0.06106342002749443
129,1758584900.5806277,val_loss_step,0.05937840789556503
130,1758584900.605484,val_loss_step,0.06195984035730362
131,1758584900.6254542,val_loss_step,0.056830015033483505
132,1758584900.645807,val_loss_step,0.05811949819326401
133,1758584900.665901,val_loss_step,0.06121627241373062
134,1758584900.6880202,val_loss_step,0.056701209396123886
135,1758584900.7080517,val_loss_step,0.061221860349178314
136,1758584900.7470906,val_loss_step,0.055949289351701736
137,1758584900.7677412,val_loss_step,0.061099667102098465
138,1758584900.7881405,val_loss_step,0.05483400449156761
139,1758584900.808273,val_loss_step,0.057006463408470154
140,1758584900.8280153,val_loss_step,0.05794208496809006
141,1758584900.847994,val_loss_step,0.06389281898736954
142,1758584900.8698294,val_loss_step,0.05645156279206276
143,1758584900.8899364,val_loss_step,0.060336608439683914
144,1758584900.9284487,val_loss_step,0.060763899236917496
145,1758584900.9485257,val_loss_step,0.056697163730859756
146,1758584900.9687026,val_loss_step,0.05434034392237663
147,1758584900.9891376,val_loss_step,0.049647193402051926
148,1758584901.0092332,val_loss_step,0.05649504065513611
149,1758584901.0292313,val_loss_step,0.04934254661202431
150,1758584901.0509553,val_loss_step,0.053614694625139236
151,1758584901.070842,val_loss_step,0.057582173496484756
152,1758584901.1089475,val_loss_step,0.053095702081918716
153,1758584901.1288142,val_loss_step,0.05311558395624161
154,1758584901.1484592,val_loss_step,0.05676046758890152
155,1758584901.1684275,val_loss_step,0.0521053671836853
156,1758584901.1881394,val_loss_step,0.05503206327557564
157,1758584901.2074075,val_loss_step,0.05296185985207558
158,1758584901.2292733,val_loss_step,0.05311725661158562
159,1758584901.249514,val_loss_step,0.05523040518164635
160,1758584901.2809277,val_loss_step,0.052506983280181885
161,1758584901.3002765,val_loss_step,0.05508638173341751
162,1758584901.3197105,val_loss_step,0.056811071932315826
163,1758584901.3391755,val_loss_step,0.053410157561302185
164,1758584901.3589084,val_loss_step,0.05318606272339821
165,1758584901.3779497,val_loss_step,0.05490778386592865
166,1758584901.399265,val_loss_step,0.05501439422369003
167,1758584901.4188113,val_loss_step,0.05665142089128494
803,1758584901.4211876,val_loss_epoch,0.0575670450925827
803,1758584901.421237,epoch,2.0
804,1758584901.4248786,lr-Adam,6.721069075865671e-05
804,1758584901.4249074,lr-Adam-momentum,0.8999999761581421
809,1758584902.0630307,train_loss,0.05426601320505142
809,1758584902.0631409,epoch,3.0
819,1758584902.6808977,train_loss,0.0551166795194149
819,1758584902.6809645,epoch,3.0
829,1758584903.352634,train_loss,0.05069088190793991
829,1758584903.3526878,epoch,3.0
839,1758584903.965504,train_loss,0.05131431296467781
839,1758584903.9655643,epoch,3.0
849,1758584904.579755,train_loss,0.05229874327778816
849,1758584904.5798194,epoch,3.0
859,1758584905.2011917,train_loss,0.057318735867738724
859,1758584905.2012467,epoch,3.0
869,1758584905.8302515,train_loss,0.05676855519413948
869,1758584905.8303053,epoch,3.0
879,1758584906.4469695,train_loss,0.05401633679866791
879,1758584906.4470236,epoch,3.0
889,1758584907.0589204,train_loss,0.05665404722094536
889,1758584907.0589736,epoch,3.0
899,1758584907.6750414,train_loss,0.054426342248916626
899,1758584907.6750944,epoch,3.0
909,1758584908.3039036,train_loss,0.05122902989387512
909,1758584908.3039658,epoch,3.0
919,1758584908.9428468,train_loss,0.054280053824186325
919,1758584908.9428997,epoch,3.0
929,1758584909.553599,train_loss,0.0533565953373909
929,1758584909.5536528,epoch,3.0
939,1758584910.1689768,train_loss,0.05032989755272865
939,1758584910.169031,epoch,3.0
949,1758584910.7961638,train_loss,0.051979970186948776
949,1758584910.7962182,epoch,3.0
959,1758584911.4107795,train_loss,0.050131719559431076
959,1758584911.410833,epoch,3.0
969,1758584912.0240188,train_loss,0.056027308106422424
969,1758584912.0240712,epoch,3.0
979,1758584912.6438346,train_loss,0.051778703927993774
979,1758584912.6439064,epoch,3.0
989,1758584913.2703881,train_loss,0.053408183157444
989,1758584913.2704425,epoch,3.0
999,1758584913.8854446,train_loss,0.05047657713294029
999,1758584913.88551,epoch,3.0
1009,1758584914.4965172,train_loss,0.05524537339806557
1009,1758584914.4965923,epoch,3.0
1019,1758584915.1126554,train_loss,0.05187122896313667
1019,1758584915.1126947,epoch,3.0
1029,1758584915.7408583,train_loss,0.05316444858908653
1029,1758584915.7409105,epoch,3.0
1039,1758584916.3767989,train_loss,0.0544024296104908
1039,1758584916.3768535,epoch,3.0
1049,1758584916.990413,train_loss,0.054175686091184616
1049,1758584916.9904666,epoch,3.0
1059,1758584917.61073,train_loss,0.05170590430498123
1059,1758584917.610786,epoch,3.0
1069,1758584918.2176266,train_loss,0.050608664751052856
1069,1758584918.2176683,epoch,3.0
168,1758584918.6200824,val_loss_step,0.05711529031395912
169,1758584918.6506307,val_loss_step,0.05935888737440109
170,1758584918.6702838,val_loss_step,0.06249505281448364
171,1758584918.689983,val_loss_step,0.058652114123106
172,1758584918.7155962,val_loss_step,0.05977800861001015
173,1758584918.7374716,val_loss_step,0.06368143111467361
174,1758584918.757661,val_loss_step,0.0605245940387249
175,1758584918.7780943,val_loss_step,0.06273927539587021
176,1758584918.8004103,val_loss_step,0.05843161791563034
177,1758584918.828664,val_loss_step,0.06353028118610382
178,1758584918.8496072,val_loss_step,0.05351325869560242
179,1758584918.8700402,val_loss_step,0.053177252411842346
180,1758584918.9163811,val_loss_step,0.051104653626680374
181,1758584918.951017,val_loss_step,0.048966556787490845
182,1758584918.9790232,val_loss_step,0.049705784767866135
183,1758584919.0011358,val_loss_step,0.052583906799554825
184,1758584919.0228229,val_loss_step,0.05656268075108528
185,1758584919.0732052,val_loss_step,0.055051371455192566
186,1758584919.1032732,val_loss_step,0.05754844471812248
187,1758584919.130089,val_loss_step,0.05266093090176582
188,1758584919.1562672,val_loss_step,0.053540248423814774
189,1758584919.1782658,val_loss_step,0.057391148060560226
190,1758584919.1990108,val_loss_step,0.05326268821954727
191,1758584919.2191424,val_loss_step,0.05715788155794144
192,1758584919.2421207,val_loss_step,0.05215361714363098
193,1758584919.2717924,val_loss_step,0.05768799036741257
194,1758584919.2916896,val_loss_step,0.05036472529172897
195,1758584919.311592,val_loss_step,0.0539916567504406
196,1758584919.3380933,val_loss_step,0.05376734212040901
197,1758584919.3580031,val_loss_step,0.06026602163910866
198,1758584919.3783357,val_loss_step,0.05084512382745743
199,1758584919.3986096,val_loss_step,0.056618452072143555
200,1758584919.4209485,val_loss_step,0.05677233636379242
201,1758584919.4519095,val_loss_step,0.052115485072135925
202,1758584919.4719465,val_loss_step,0.052147068083286285
203,1758584919.492171,val_loss_step,0.04621720314025879
204,1758584919.5189931,val_loss_step,0.05148451775312424
205,1758584919.5386896,val_loss_step,0.04592759534716606
206,1758584919.5585449,val_loss_step,0.049802809953689575
207,1758584919.578617,val_loss_step,0.05265619233250618
208,1758584919.6006784,val_loss_step,0.04896022751927376
209,1758584919.6517868,val_loss_step,0.050101928412914276
210,1758584919.6834748,val_loss_step,0.052631303668022156
211,1758584919.7112026,val_loss_step,0.047008439898490906
212,1758584919.738864,val_loss_step,0.05090409517288208
213,1758584919.7584646,val_loss_step,0.047745052725076675
214,1758584919.778734,val_loss_step,0.048741914331912994
215,1758584919.7987273,val_loss_step,0.051268547773361206
216,1758584919.8204894,val_loss_step,0.05013980343937874
217,1758584919.869441,val_loss_step,0.05055063217878342
218,1758584919.90161,val_loss_step,0.05403174087405205
219,1758584919.9297566,val_loss_step,0.04888567700982094
220,1758584919.9560266,val_loss_step,0.04923873022198677
221,1758584919.9755692,val_loss_step,0.05169970542192459
222,1758584919.99496,val_loss_step,0.05096729099750519
223,1758584920.0142806,val_loss_step,0.054155200719833374
1071,1758584920.0164652,val_loss_epoch,0.0537211112678051
1071,1758584920.0165153,epoch,3.0
1072,1758584939.0286465,lr-Adam,6.721069075865671e-05
1072,1758584939.028727,lr-Adam-momentum,0.8999999761581421
1079,1758584939.8183043,train_loss,0.05455300211906433
1079,1758584939.8183823,epoch,4.0
1089,1758584940.4479256,train_loss,0.05482596158981323
1089,1758584940.4479792,epoch,4.0
1099,1758584941.06553,train_loss,0.05603944510221481
1099,1758584941.0655985,epoch,4.0
1109,1758584941.6772206,train_loss,0.05280391499400139
1109,1758584941.677275,epoch,4.0
1119,1758584942.2933686,train_loss,0.04852466657757759
1119,1758584942.2934227,epoch,4.0
1129,1758584942.9410295,train_loss,0.055782828480005264
1129,1758584942.9410834,epoch,4.0
1139,1758584943.556752,train_loss,0.05038975924253464
1139,1758584943.5568056,epoch,4.0
1149,1758584944.170656,train_loss,0.05078590661287308
1149,1758584944.170728,epoch,4.0
1159,1758584944.7975624,train_loss,0.0528053417801857
1159,1758584944.7976234,epoch,4.0
1169,1758584945.4262512,train_loss,0.051185037940740585
1169,1758584945.4263055,epoch,4.0
1179,1758584946.0452192,train_loss,0.05116160959005356
1179,1758584946.0452738,epoch,4.0
1189,1758584946.6584432,train_loss,0.055722251534461975
1189,1758584946.658481,epoch,4.0
1199,1758584947.2784257,train_loss,0.05379035323858261
1199,1758584947.2784853,epoch,4.0
1209,1758584947.9030793,train_loss,0.05099209398031235
1209,1758584947.9031339,epoch,4.0
1219,1758584948.5216248,train_loss,0.05234711989760399
1219,1758584948.5216794,epoch,4.0
1229,1758584949.136687,train_loss,0.051915328949689865
1229,1758584949.1367416,epoch,4.0
1239,1758584949.7691271,train_loss,0.04856975004076958
1239,1758584949.7691813,epoch,4.0
1249,1758584950.3978677,train_loss,0.04814153164625168
1249,1758584950.397923,epoch,4.0
1259,1758584951.0182164,train_loss,0.04793420433998108
1259,1758584951.0182745,epoch,4.0
1269,1758584951.632253,train_loss,0.05111508071422577
1269,1758584951.632306,epoch,4.0
1279,1758584952.253115,train_loss,0.051446329802274704
1279,1758584952.2531686,epoch,4.0
1289,1758584952.8783445,train_loss,0.05065464600920677
1289,1758584952.8783827,epoch,4.0
1299,1758584953.4974227,train_loss,0.053154539316892624
1299,1758584953.497461,epoch,4.0
1309,1758584954.1103032,train_loss,0.0520896352827549
1309,1758584954.110341,epoch,4.0
1319,1758584954.734478,train_loss,0.050942812114953995
1319,1758584954.7345448,epoch,4.0
1329,1758584955.3820531,train_loss,0.05144774913787842
1329,1758584955.3821156,epoch,4.0
1339,1758584955.986718,train_loss,0.04539620876312256
1339,1758584955.9867568,epoch,4.0
224,1758584956.2963288,val_loss_step,0.05501136928796768
225,1758584956.317465,val_loss_step,0.056439634412527084
226,1758584956.3374221,val_loss_step,0.059858061373233795
227,1758584956.3633902,val_loss_step,0.05733363330364227
228,1758584956.3830905,val_loss_step,0.05742548033595085
229,1758584956.4029534,val_loss_step,0.06156793609261513
230,1758584956.4231565,val_loss_step,0.05828392878174782
231,1758584956.4432738,val_loss_step,0.05945499241352081
232,1758584956.4755857,val_loss_step,0.05580594390630722
233,1758584956.495967,val_loss_step,0.0602555088698864
234,1758584956.51589,val_loss_step,0.050691258162260056
235,1758584956.543981,val_loss_step,0.05024232715368271
236,1758584956.5641475,val_loss_step,0.04808250814676285
237,1758584956.584526,val_loss_step,0.045421045273542404
238,1758584956.6051588,val_loss_step,0.045639682561159134
239,1758584956.6254842,val_loss_step,0.04968218877911568
240,1758584956.658662,val_loss_step,0.05317294970154762
241,1758584956.6785574,val_loss_step,0.05174926295876503
242,1758584956.698751,val_loss_step,0.05510091036558151
243,1758584956.746739,val_loss_step,0.04889561980962753
244,1758584956.779221,val_loss_step,0.050348810851573944
245,1758584956.807703,val_loss_step,0.053281836211681366
246,1758584956.8300264,val_loss_step,0.05116024240851402
247,1758584956.8517478,val_loss_step,0.054690707474946976
248,1758584956.8842397,val_loss_step,0.04867628216743469
249,1758584956.904164,val_loss_step,0.05587480962276459
250,1758584956.9241695,val_loss_step,0.04741745442152023
251,1758584956.9512537,val_loss_step,0.04955526441335678
252,1758584956.9718187,val_loss_step,0.048994630575180054
253,1758584956.9919329,val_loss_step,0.057016707956790924
254,1758584957.0123765,val_loss_step,0.046211209148168564
255,1758584957.033365,val_loss_step,0.0544455461204052
256,1758584957.0663443,val_loss_step,0.05385163053870201
257,1758584957.0864189,val_loss_step,0.04931619018316269
258,1758584957.1063643,val_loss_step,0.048983123153448105
259,1758584957.1331263,val_loss_step,0.04345829039812088
260,1758584957.1534116,val_loss_step,0.048240356147289276
261,1758584957.1733642,val_loss_step,0.04353663697838783
262,1758584957.194004,val_loss_step,0.04534491151571274
263,1758584957.2142875,val_loss_step,0.04904146119952202
264,1758584957.2471175,val_loss_step,0.04518333449959755
265,1758584957.2666628,val_loss_step,0.04639967903494835
266,1758584957.2861888,val_loss_step,0.04899659380316734
267,1758584957.3104208,val_loss_step,0.0439155250787735
268,1758584957.3297641,val_loss_step,0.04690229520201683
269,1758584957.3492875,val_loss_step,0.043847814202308655
270,1758584957.3686473,val_loss_step,0.04730244725942612
271,1758584957.3880239,val_loss_step,0.047720178961753845
272,1758584957.4162886,val_loss_step,0.04726685211062431
273,1758584957.435622,val_loss_step,0.04769904166460037
274,1758584957.4553604,val_loss_step,0.05005006119608879
275,1758584957.4777067,val_loss_step,0.04675471782684326
276,1758584957.497123,val_loss_step,0.04655414819717407
277,1758584957.5168643,val_loss_step,0.04936470463871956
278,1758584957.5362458,val_loss_step,0.04771622642874718
279,1758584957.5557027,val_loss_step,0.05229448527097702
1339,1758584957.5579498,val_loss_epoch,0.05067015066742897
1339,1758584957.5580008,epoch,4.0
1340,1758584976.5944371,lr-Adam,6.721069075865671e-05
1340,1758584976.594493,lr-Adam-momentum,0.8999999761581421
1349,1758584977.495959,train_loss,0.05034374073147774
1349,1758584977.4960349,epoch,5.0
1359,1758584978.1140864,train_loss,0.05596624314785004
1359,1758584978.114135,epoch,5.0
1369,1758584978.7321217,train_loss,0.0536319799721241
1369,1758584978.732159,epoch,5.0
1379,1758584979.3471754,train_loss,0.05363353714346886
1379,1758584979.347228,epoch,5.0
1389,1758584979.9835286,train_loss,0.05534522607922554
1389,1758584979.9836025,epoch,5.0
1399,1758584980.6023114,train_loss,0.05215638130903244
1399,1758584980.6023653,epoch,5.0
1409,1758584981.217313,train_loss,0.04840002581477165
1409,1758584981.217368,epoch,5.0
1419,1758584981.8326821,train_loss,0.05172332748770714
1419,1758584981.8327372,epoch,5.0
1429,1758584982.4675162,train_loss,0.04790596291422844
1429,1758584982.4676034,epoch,5.0
1439,1758584983.08169,train_loss,0.053595416247844696
1439,1758584983.0817444,epoch,5.0
1449,1758584983.6958184,train_loss,0.05372455716133118
1449,1758584983.695872,epoch,5.0
1459,1758584984.3099172,train_loss,0.05129987373948097
1459,1758584984.3099728,epoch,5.0
1469,1758584984.9441183,train_loss,0.048439737409353256
1469,1758584984.9441721,epoch,5.0
1479,1758584985.557367,train_loss,0.051211077719926834
1479,1758584985.5574195,epoch,5.0
1489,1758584986.192307,train_loss,0.053250931203365326
1489,1758584986.1923602,epoch,5.0
1499,1758584986.8154635,train_loss,0.0480736643075943
1499,1758584986.8155174,epoch,5.0
1509,1758584987.47246,train_loss,0.0538988821208477
1509,1758584987.4725134,epoch,5.0
1519,1758584988.091014,train_loss,0.05075030401349068
1519,1758584988.0910683,epoch,5.0
1529,1758584988.707521,train_loss,0.048134468495845795
1529,1758584988.7075977,epoch,5.0
1539,1758584989.3262296,train_loss,0.051801275461912155
1539,1758584989.3262842,epoch,5.0
1549,1758584989.9590707,train_loss,0.055913735181093216
1549,1758584989.9591243,epoch,5.0
1559,1758584990.575205,train_loss,0.05394215136766434
1559,1758584990.5752578,epoch,5.0
1569,1758584991.1896303,train_loss,0.0506444126367569
1569,1758584991.1896856,epoch,5.0
1579,1758584991.805344,train_loss,0.05079543590545654
1579,1758584991.805398,epoch,5.0
1589,1758584992.4430988,train_loss,0.05499184876680374
1589,1758584992.4431543,epoch,5.0
1599,1758584993.05652,train_loss,0.0531628355383873
1599,1758584993.0565827,epoch,5.0
280,1758584993.8114228,val_loss_step,0.05436912178993225
281,1758584993.8321707,val_loss_step,0.05672803521156311
282,1758584993.8609517,val_loss_step,0.06024394929409027
283,1758584993.8808327,val_loss_step,0.05716032162308693
284,1758584993.9009273,val_loss_step,0.057186905294656754
285,1758584993.9214096,val_loss_step,0.06116264685988426
286,1758584993.9416811,val_loss_step,0.05813978984951973
287,1758584993.9614449,val_loss_step,0.06082560122013092
288,1758584993.9920125,val_loss_step,0.05655769258737564
289,1758584994.012135,val_loss_step,0.062008753418922424
290,1758584994.0398815,val_loss_step,0.0507320836186409
291,1758584994.0598226,val_loss_step,0.04995447024703026
292,1758584994.0802007,val_loss_step,0.048253290355205536
293,1758584994.1002183,val_loss_step,0.04576222226023674
294,1758584994.1203017,val_loss_step,0.047006312757730484
295,1758584994.1400447,val_loss_step,0.04933323711156845
296,1758584994.1734946,val_loss_step,0.054472699761390686
297,1758584994.1934812,val_loss_step,0.052837129682302475
298,1758584994.2182102,val_loss_step,0.05485517904162407
299,1758584994.2384448,val_loss_step,0.050573743879795074
300,1758584994.2596025,val_loss_step,0.05044158548116684
301,1758584994.2800586,val_loss_step,0.054154686629772186
302,1758584994.2998416,val_loss_step,0.05244378000497818
303,1758584994.321041,val_loss_step,0.05458739772439003
304,1758584994.3552856,val_loss_step,0.048995520919561386
305,1758584994.3756921,val_loss_step,0.05661524459719658
306,1758584994.4027658,val_loss_step,0.04741527512669563
307,1758584994.4227946,val_loss_step,0.05195784568786621
308,1758584994.4435036,val_loss_step,0.04976562038064003
309,1758584994.4633982,val_loss_step,0.0572025366127491
310,1758584994.4835744,val_loss_step,0.046918801963329315
311,1758584994.5037923,val_loss_step,0.053376149386167526
312,1758584994.5375159,val_loss_step,0.053769078105688095
313,1758584994.5575213,val_loss_step,0.04957136884331703
314,1758584994.6062686,val_loss_step,0.04822828993201256
315,1758584994.6384668,val_loss_step,0.04393075034022331
316,1758584994.6665206,val_loss_step,0.04867617413401604
317,1758584994.689431,val_loss_step,0.04351925477385521
318,1758584994.709939,val_loss_step,0.046348635107278824
319,1758584994.729922,val_loss_step,0.04989989846944809
320,1758584994.7623956,val_loss_step,0.04627617821097374
321,1758584994.78287,val_loss_step,0.04686332494020462
322,1758584994.8079395,val_loss_step,0.04908379167318344
323,1758584994.8284822,val_loss_step,0.04434376582503319
324,1758584994.8499198,val_loss_step,0.047120291739702225
325,1758584994.8711643,val_loss_step,0.04519215226173401
326,1758584994.8914175,val_loss_step,0.04688042029738426
327,1758584994.9122767,val_loss_step,0.04844176396727562
328,1758584994.940875,val_loss_step,0.047389522194862366
329,1758584994.9607303,val_loss_step,0.04881700128316879
330,1758584994.984943,val_loss_step,0.05094113573431969
331,1758584995.0047426,val_loss_step,0.047048941254615784
332,1758584995.0250034,val_loss_step,0.047443702816963196
333,1758584995.0455625,val_loss_step,0.050359055399894714
334,1758584995.0654233,val_loss_step,0.048545874655246735
335,1758584995.0854313,val_loss_step,0.052080873399972916
1607,1758584995.0878556,val_loss_epoch,0.05112158879637718
1607,1758584995.087907,epoch,5.0
1608,1758584995.0914993,lr-Adam,6.721069075865671e-05
1608,1758584995.0915442,lr-Adam-momentum,0.8999999761581421
1609,1758584995.486465,train_loss,0.050700780004262924
1609,1758584995.4866037,epoch,6.0
1619,1758584996.115839,train_loss,0.05106552317738533
1619,1758584996.1159031,epoch,6.0
1629,1758584996.728326,train_loss,0.04745812341570854
1629,1758584996.7283804,epoch,6.0
1639,1758584997.3486564,train_loss,0.05296245217323303
1639,1758584997.3487215,epoch,6.0
1649,1758584997.9837487,train_loss,0.05064341053366661
1649,1758584997.9838026,epoch,6.0
1659,1758584998.5992486,train_loss,0.054011665284633636
1659,1758584998.5993142,epoch,6.0
1669,1758584999.2148912,train_loss,0.05314380303025246
1669,1758584999.2149448,epoch,6.0
1679,1758584999.8360198,train_loss,0.050729963928461075
1679,1758584999.8360736,epoch,6.0
1689,1758585000.4720905,train_loss,0.05096938833594322
1689,1758585000.4721444,epoch,6.0
1699,1758585001.0870588,train_loss,0.05114670842885971
1699,1758585001.087114,epoch,6.0
1709,1758585001.7042122,train_loss,0.05750425159931183
1709,1758585001.7042663,epoch,6.0
1719,1758585002.324642,train_loss,0.05338747799396515
1719,1758585002.3246949,epoch,6.0
1729,1758585002.9482145,train_loss,0.04890241473913193
1729,1758585002.9482677,epoch,6.0
1739,1758585003.5835738,train_loss,0.05285835266113281
1739,1758585003.5836282,epoch,6.0
1749,1758585004.2025912,train_loss,0.0549272857606411
1749,1758585004.2026458,epoch,6.0
1759,1758585004.8263798,train_loss,0.0532647930085659
1759,1758585004.826432,epoch,6.0
1769,1758585005.448354,train_loss,0.04985121265053749
1769,1758585005.4484062,epoch,6.0
1779,1758585006.060798,train_loss,0.05688061937689781
1779,1758585006.0608575,epoch,6.0
1789,1758585006.6750789,train_loss,0.053434137254953384
1789,1758585006.675131,epoch,6.0
1799,1758585007.2962868,train_loss,0.04961046949028969
1799,1758585007.29634,epoch,6.0
1809,1758585007.9529328,train_loss,0.048753805458545685
1809,1758585007.9529858,epoch,6.0
1819,1758585008.5660665,train_loss,0.05364663153886795
1819,1758585008.566119,epoch,6.0
1829,1758585009.1812592,train_loss,0.05521853640675545
1829,1758585009.181317,epoch,6.0
1839,1758585009.8019001,train_loss,0.055041491985321045
1839,1758585009.8019662,epoch,6.0
1849,1758585010.4445436,train_loss,0.04980657249689102
1849,1758585010.4446201,epoch,6.0
1859,1758585011.0561204,train_loss,0.053901273757219315
1859,1758585011.0561733,epoch,6.0
1869,1758585011.6648118,train_loss,0.054437506943941116
1869,1758585011.6648822,epoch,6.0
336,1758585012.3153687,val_loss_step,0.053135983645915985
337,1758585012.34347,val_loss_step,0.05556734278798103
338,1758585012.3689265,val_loss_step,0.05977834761142731
339,1758585012.3893683,val_loss_step,0.05611180141568184
340,1758585012.4118702,val_loss_step,0.05615193396806717
341,1758585012.4339845,val_loss_step,0.05979325622320175
342,1758585012.4540546,val_loss_step,0.057134322822093964
343,1758585012.4742782,val_loss_step,0.05878922715783119
344,1758585012.4958177,val_loss_step,0.055711664259433746
345,1758585012.5207152,val_loss_step,0.059978753328323364
346,1758585012.5452678,val_loss_step,0.05047440528869629
347,1758585012.565474,val_loss_step,0.048339325934648514
348,1758585012.5868213,val_loss_step,0.047517649829387665
349,1758585012.613679,val_loss_step,0.045624397695064545
350,1758585012.635791,val_loss_step,0.045114632695913315
351,1758585012.6592202,val_loss_step,0.04848263040184975
352,1758585012.681922,val_loss_step,0.053064893931150436
353,1758585012.7073054,val_loss_step,0.05108920484781265
354,1758585012.7364469,val_loss_step,0.05377731844782829
355,1758585012.7579293,val_loss_step,0.0483255535364151
356,1758585012.7779772,val_loss_step,0.04872191697359085
357,1758585012.8028567,val_loss_step,0.05234910175204277
358,1758585012.8230298,val_loss_step,0.05092340707778931
359,1758585012.8427572,val_loss_step,0.052954528480768204
360,1758585012.8644655,val_loss_step,0.04785587266087532
361,1758585012.8888774,val_loss_step,0.055079929530620575
362,1758585012.9164789,val_loss_step,0.046150606125593185
363,1758585012.937689,val_loss_step,0.048936281353235245
364,1758585012.9581888,val_loss_step,0.04879405349493027
365,1758585012.9826763,val_loss_step,0.055797602981328964
366,1758585013.0034683,val_loss_step,0.04568038880825043
367,1758585013.0235953,val_loss_step,0.052368976175785065
368,1758585013.0456245,val_loss_step,0.052378829568624496
369,1758585013.0700254,val_loss_step,0.04831788316369057
370,1758585013.0974202,val_loss_step,0.04779587313532829
371,1758585013.1176412,val_loss_step,0.04307147487998009
372,1758585013.1378462,val_loss_step,0.04779424890875816
373,1758585013.1635377,val_loss_step,0.0424429289996624
374,1758585013.1842744,val_loss_step,0.04481411725282669
375,1758585013.2043612,val_loss_step,0.048334140330553055
376,1758585013.2257843,val_loss_step,0.04472123458981514
377,1758585013.25108,val_loss_step,0.04678807780146599
378,1758585013.2788732,val_loss_step,0.04795234277844429
379,1758585013.298613,val_loss_step,0.04394044727087021
380,1758585013.318198,val_loss_step,0.04602956399321556
381,1758585013.3418953,val_loss_step,0.04357310011982918
382,1758585013.361757,val_loss_step,0.04618699848651886
383,1758585013.3812118,val_loss_step,0.04777783527970314
384,1758585013.4025707,val_loss_step,0.047137800604104996
385,1758585013.4479868,val_loss_step,0.04740655794739723
386,1758585013.486338,val_loss_step,0.04998933896422386
387,1758585013.5137835,val_loss_step,0.046302635222673416
388,1758585013.5348907,val_loss_step,0.046601928770542145
389,1758585013.5565624,val_loss_step,0.049465976655483246
390,1758585013.5765347,val_loss_step,0.0471561960875988
391,1758585013.5963004,val_loss_step,0.05182129517197609
1875,1758585013.5987294,val_loss_epoch,0.04995313286781311
1875,1758585013.5987647,epoch,6.0
1876,1758585033.069468,lr-Adam,6.721069075865671e-05
1876,1758585033.0695262,lr-Adam-momentum,0.8999999761581421
1879,1758585033.5937817,train_loss,0.05207398906350136
1879,1758585033.5938823,epoch,7.0
1889,1758585034.218067,train_loss,0.04875730350613594
1889,1758585034.2181249,epoch,7.0
1899,1758585034.8306155,train_loss,0.04687511548399925
1899,1758585034.83067,epoch,7.0
1909,1758585035.477045,train_loss,0.050070296972990036
1909,1758585035.4770973,epoch,7.0
1919,1758585036.089566,train_loss,0.05380226671695709
1919,1758585036.089619,epoch,7.0
1929,1758585036.7093914,train_loss,0.053336553275585175
1929,1758585036.7094445,epoch,7.0
1939,1758585037.3262885,train_loss,0.050857190042734146
1939,1758585037.3263428,epoch,7.0
1949,1758585037.9490857,train_loss,0.04996713250875473
1949,1758585037.9491491,epoch,7.0
1959,1758585038.5601783,train_loss,0.053757939487695694
1959,1758585038.5602307,epoch,7.0
1969,1758585039.1829367,train_loss,0.049375567585229874
1969,1758585039.1829915,epoch,7.0
1979,1758585039.7971344,train_loss,0.049752671271562576
1979,1758585039.7971885,epoch,7.0
1989,1758585040.4189897,train_loss,0.054215509444475174
1989,1758585040.4190414,epoch,7.0
1999,1758585041.0293193,train_loss,0.0547092966735363
1999,1758585041.0293734,epoch,7.0
2009,1758585041.6459208,train_loss,0.05255348980426788
2009,1758585041.6459749,epoch,7.0
2019,1758585042.2588902,train_loss,0.0554124154150486
2019,1758585042.2589443,epoch,7.0
2029,1758585042.8775702,train_loss,0.05029796063899994
2029,1758585042.877623,epoch,7.0
2039,1758585043.5140471,train_loss,0.05074930563569069
2039,1758585043.5140994,epoch,7.0
2049,1758585044.1363068,train_loss,0.05198964849114418
2049,1758585044.136364,epoch,7.0
2059,1758585044.7507162,train_loss,0.055367469787597656
2059,1758585044.75077,epoch,7.0
2069,1758585045.3707147,train_loss,0.049878090620040894
2069,1758585045.3707669,epoch,7.0
2079,1758585045.9841292,train_loss,0.049419764429330826
2079,1758585045.9841835,epoch,7.0
2089,1758585046.6000543,train_loss,0.04986397922039032
2089,1758585046.6001081,epoch,7.0
2099,1758585047.2106318,train_loss,0.05722779780626297
2099,1758585047.2106853,epoch,7.0
2109,1758585047.827375,train_loss,0.0500732958316803
2109,1758585047.827438,epoch,7.0
2119,1758585048.4410613,train_loss,0.05489986389875412
2119,1758585048.4411225,epoch,7.0
2129,1758585049.0615444,train_loss,0.05595505237579346
2129,1758585049.0616062,epoch,7.0
2139,1758585049.7019367,train_loss,0.050776273012161255
2139,1758585049.7019918,epoch,7.0
392,1758585050.2387202,val_loss_step,0.05264664813876152
393,1758585050.259712,val_loss_step,0.05471714213490486
394,1758585050.3064737,val_loss_step,0.05923246964812279
395,1758585050.3377767,val_loss_step,0.05669118091464043
396,1758585050.3668382,val_loss_step,0.05563110485672951
397,1758585050.3962705,val_loss_step,0.0592632070183754
398,1758585050.4171011,val_loss_step,0.0567663200199604
399,1758585050.4377768,val_loss_step,0.05801406875252724
400,1758585050.4596426,val_loss_step,0.05485870689153671
401,1758585050.4795067,val_loss_step,0.05876842141151428
402,1758585050.5066826,val_loss_step,0.04937584325671196
403,1758585050.5270526,val_loss_step,0.04718884825706482
404,1758585050.5485804,val_loss_step,0.046010930091142654
405,1758585050.5761702,val_loss_step,0.044218555092811584
406,1758585050.5968382,val_loss_step,0.043939344584941864
407,1758585050.6173975,val_loss_step,0.04779311269521713
408,1758585050.6388614,val_loss_step,0.052280623465776443
409,1758585050.6587965,val_loss_step,0.05107507482171059
410,1758585050.6852074,val_loss_step,0.05282631888985634
411,1758585050.7053437,val_loss_step,0.047577280551195145
412,1758585050.7273083,val_loss_step,0.04908514395356178
413,1758585050.7540967,val_loss_step,0.051774296909570694
414,1758585050.7739675,val_loss_step,0.05085811764001846
415,1758585050.7939126,val_loss_step,0.05252544581890106
416,1758585050.815411,val_loss_step,0.047416217625141144
417,1758585050.8356144,val_loss_step,0.05512411147356033
418,1758585050.8662224,val_loss_step,0.04548630490899086
419,1758585050.8861437,val_loss_step,0.048231352120637894
420,1758585050.9059668,val_loss_step,0.04758123680949211
421,1758585050.9335334,val_loss_step,0.05499935895204544
422,1758585050.9534783,val_loss_step,0.045022230595350266
423,1758585050.9736369,val_loss_step,0.051857125014066696
424,1758585050.9950688,val_loss_step,0.052179139107465744
425,1758585051.0148563,val_loss_step,0.047605015337467194
426,1758585051.04429,val_loss_step,0.04709291458129883
427,1758585051.064524,val_loss_step,0.042771078646183014
428,1758585051.084679,val_loss_step,0.04772961884737015
429,1758585051.1139956,val_loss_step,0.041974831372499466
430,1758585051.1352026,val_loss_step,0.04367212951183319
431,1758585051.1556857,val_loss_step,0.04700426384806633
432,1758585051.177254,val_loss_step,0.0439983606338501
433,1758585051.1974623,val_loss_step,0.04597713425755501
434,1758585051.2256198,val_loss_step,0.04764731973409653
435,1758585051.2462175,val_loss_step,0.042396485805511475
436,1758585051.266578,val_loss_step,0.045461077243089676
437,1758585051.2952363,val_loss_step,0.04241219535470009
438,1758585051.316048,val_loss_step,0.04551072418689728
439,1758585051.336262,val_loss_step,0.04670891910791397
440,1758585051.3583553,val_loss_step,0.04742879793047905
441,1758585051.3789115,val_loss_step,0.047461625188589096
442,1758585051.4036202,val_loss_step,0.04927549511194229
443,1758585051.423073,val_loss_step,0.04614291340112686
444,1758585051.4424627,val_loss_step,0.045730095356702805
445,1758585051.4669294,val_loss_step,0.04868125915527344
446,1758585051.4862912,val_loss_step,0.04706009477376938
447,1758585051.5061657,val_loss_step,0.05201128497719765
2143,1758585051.508433,val_loss_epoch,0.04933515191078186
2143,1758585051.508482,epoch,7.0
2144,1758585070.954827,lr-Adam,6.721069075865671e-05
2144,1758585070.9548974,lr-Adam-momentum,0.8999999761581421
2149,1758585071.6066504,train_loss,0.05243650823831558
2149,1758585071.6067576,epoch,8.0
2159,1758585072.2238271,train_loss,0.053764522075653076
2159,1758585072.2238808,epoch,8.0
2169,1758585072.8454432,train_loss,0.052805304527282715
2169,1758585072.8454905,epoch,8.0
2179,1758585073.4631057,train_loss,0.05228353291749954
2179,1758585073.463143,epoch,8.0
2189,1758585074.108852,train_loss,0.055662352591753006
2189,1758585074.1088896,epoch,8.0
2199,1758585074.761931,train_loss,0.051882367581129074
2199,1758585074.7619853,epoch,8.0
2209,1758585075.3690565,train_loss,0.05410739406943321
2209,1758585075.3691103,epoch,8.0
2219,1758585075.9865994,train_loss,0.05578438937664032
2219,1758585075.986652,epoch,8.0
2229,1758585076.623215,train_loss,0.05192435532808304
2229,1758585076.6232684,epoch,8.0
2239,1758585077.238897,train_loss,0.04976337030529976
2239,1758585077.2389517,epoch,8.0
2249,1758585077.8545675,train_loss,0.05740128085017204
2249,1758585077.8546221,epoch,8.0
2259,1758585078.4686656,train_loss,0.05614557862281799
2259,1758585078.468719,epoch,8.0
2269,1758585079.1105099,train_loss,0.05089220404624939
2269,1758585079.1105697,epoch,8.0
2279,1758585079.7317665,train_loss,0.05073027312755585
2279,1758585079.731834,epoch,8.0
2289,1758585080.3481963,train_loss,0.05420824885368347
2289,1758585080.34825,epoch,8.0
2299,1758585080.9676611,train_loss,0.05048860237002373
2299,1758585080.967721,epoch,8.0
2309,1758585081.610168,train_loss,0.053389787673950195
2309,1758585081.6102219,epoch,8.0
2319,1758585082.248599,train_loss,0.04940579831600189
2319,1758585082.2486534,epoch,8.0
2329,1758585082.8650138,train_loss,0.053729332983493805
2329,1758585082.8650846,epoch,8.0
2339,1758585083.4828463,train_loss,0.05755161866545677
2339,1758585083.4828994,epoch,8.0
2349,1758585084.1207511,train_loss,0.05282049998641014
2349,1758585084.120805,epoch,8.0
2359,1758585084.7362795,train_loss,0.05269888415932655
2359,1758585084.7363405,epoch,8.0
2369,1758585085.3516622,train_loss,0.05502801388502121
2369,1758585085.3517148,epoch,8.0
2379,1758585085.9693122,train_loss,0.05188879370689392
2379,1758585085.9693656,epoch,8.0
2389,1758585086.6057434,train_loss,0.049268633127212524
2389,1758585086.605799,epoch,8.0
2399,1758585087.2403817,train_loss,0.05366181954741478
2399,1758585087.2404394,epoch,8.0
2409,1758585087.843144,train_loss,0.05067204311490059
2409,1758585087.8431964,epoch,8.0
448,1758585088.2506557,val_loss_step,0.05248498544096947
449,1758585088.2946522,val_loss_step,0.055221349000930786
450,1758585088.315063,val_loss_step,0.060208335518836975
451,1758585088.3350391,val_loss_step,0.05756346881389618
452,1758585088.355039,val_loss_step,0.05706319585442543
453,1758585088.3750143,val_loss_step,0.059504274278879166
454,1758585088.395123,val_loss_step,0.0572948157787323
455,1758585088.4169765,val_loss_step,0.059170473366975784
456,1758585088.436666,val_loss_step,0.055611658841371536
457,1758585088.47498,val_loss_step,0.05878986790776253
458,1758585088.494901,val_loss_step,0.049127936363220215
459,1758585088.5144317,val_loss_step,0.04807206988334656
460,1758585088.5343313,val_loss_step,0.04602314531803131
461,1758585088.5541718,val_loss_step,0.044230006635189056
462,1758585088.5738463,val_loss_step,0.04399288445711136
463,1758585088.5951371,val_loss_step,0.0485575906932354
464,1758585133.0811038,val_loss_step,0.052377235144376755
465,1758585133.1367714,val_loss_step,0.050723642110824585
466,1758585133.1652672,val_loss_step,0.054384347051382065
467,1758585133.1881309,val_loss_step,0.04776334390044212
468,1758585133.2083433,val_loss_step,0.04836561530828476
469,1758585133.2289543,val_loss_step,0.05254754424095154
470,1758585133.2494006,val_loss_step,0.05054359883069992
471,1758585133.2719615,val_loss_step,0.052929483354091644
472,1758585133.2932389,val_loss_step,0.04776093736290932
473,1758585133.3467572,val_loss_step,0.054803524166345596
474,1758585133.3754616,val_loss_step,0.04572607949376106
475,1758585133.399007,val_loss_step,0.04793614149093628
476,1758585133.4197059,val_loss_step,0.048071350902318954
477,1758585133.4406812,val_loss_step,0.05493638291954994
478,1758585133.46167,val_loss_step,0.04627060145139694
479,1758585133.4842255,val_loss_step,0.052018966525793076
480,1758585133.5051212,val_loss_step,0.051744431257247925
481,1758585133.5445611,val_loss_step,0.04776214808225632
482,1758585133.5660336,val_loss_step,0.04682281240820885
483,1758585133.5866716,val_loss_step,0.04227381944656372
484,1758585133.6069934,val_loss_step,0.047380730509757996
485,1758585133.6273646,val_loss_step,0.041634391993284225
486,1758585133.648333,val_loss_step,0.04406757280230522
487,1758585133.6720428,val_loss_step,0.04728613793849945
488,1758585133.6951854,val_loss_step,0.04562732204794884
489,1758585133.7361965,val_loss_step,0.04524581879377365
490,1758585133.7588098,val_loss_step,0.04715822637081146
491,1758585133.7812505,val_loss_step,0.042398180812597275
492,1758585133.8031454,val_loss_step,0.045646291226148605
493,1758585133.8256025,val_loss_step,0.0426797941327095
494,1758585133.8466773,val_loss_step,0.045676928013563156
495,1758585133.8683703,val_loss_step,0.04797633737325668
496,1758585133.889857,val_loss_step,0.04691184684634209
497,1758585133.9271033,val_loss_step,0.04669300094246864
498,1758585133.948913,val_loss_step,0.04925450310111046
499,1758585133.9702978,val_loss_step,0.04625541716814041
500,1758585133.9917774,val_loss_step,0.04576798528432846
501,1758585134.0127783,val_loss_step,0.048238735646009445
502,1758585134.0341117,val_loss_step,0.047175485640764236
503,1758585134.0562782,val_loss_step,0.05128810182213783
2411,1758585134.058494,val_loss_epoch,0.04951858893036842
2411,1758585134.0585275,epoch,8.0
2412,1758585134.0618865,lr-Adam,6.721069075865671e-05
2412,1758585134.0619307,lr-Adam-momentum,0.8999999761581421
2419,1758585134.8290322,train_loss,0.05409518629312515
2419,1758585134.8291097,epoch,9.0
2429,1758585135.4500668,train_loss,0.05151814967393875
2429,1758585135.4501195,epoch,9.0
2439,1758585136.0446205,train_loss,0.05349704995751381
2439,1758585136.0446734,epoch,9.0
2449,1758585136.6332512,train_loss,0.05022783577442169
2449,1758585136.6333055,epoch,9.0
2459,1758585137.2462554,train_loss,0.05045793950557709
2459,1758585137.2463083,epoch,9.0
2469,1758585137.8490012,train_loss,0.05137626454234123
2469,1758585137.849051,epoch,9.0
2479,1758585138.4643545,train_loss,0.050966665148735046
2479,1758585138.4644096,epoch,9.0
2489,1758585139.0800645,train_loss,0.05676932632923126
2489,1758585139.080123,epoch,9.0
2499,1758585139.6931338,train_loss,0.052022382616996765
2499,1758585139.693187,epoch,9.0
2509,1758585140.2863734,train_loss,0.04940599203109741
2509,1758585140.2864263,epoch,9.0
2519,1758585140.8863413,train_loss,0.051145076751708984
2519,1758585140.8863952,epoch,9.0
2529,1758585141.5022666,train_loss,0.05521909520030022
2529,1758585141.5023196,epoch,9.0
2539,1758585142.0917823,train_loss,0.04980960488319397
2539,1758585142.091835,epoch,9.0
2549,1758585142.6885054,train_loss,0.05233275890350342
2549,1758585142.688589,epoch,9.0
2559,1758585143.2907064,train_loss,0.05686003714799881
2559,1758585143.29076,epoch,9.0
2569,1758585143.8808532,train_loss,0.0525544136762619
2569,1758585143.8809054,epoch,9.0
2579,1758585144.4738023,train_loss,0.053503844887018204
2579,1758585144.4738564,epoch,9.0
2589,1758585145.0717149,train_loss,0.053896594792604446
2589,1758585145.0717673,epoch,9.0
2599,1758585145.7294922,train_loss,0.05029383674263954
2599,1758585145.7295458,epoch,9.0
2609,1758585146.319044,train_loss,0.05616624280810356
2609,1758585146.3190973,epoch,9.0
2619,1758585146.9108648,train_loss,0.050020474940538406
2619,1758585146.9109318,epoch,9.0
2629,1758585147.5078409,train_loss,0.05161208286881447
2629,1758585147.5078955,epoch,9.0
2639,1758585148.1083932,train_loss,0.05188576504588127
2639,1758585148.1084452,epoch,9.0
2649,1758585148.699634,train_loss,0.05503285676240921
2649,1758585148.6996891,epoch,9.0
2659,1758585149.295657,train_loss,0.050311215221881866
2659,1758585149.2957108,epoch,9.0
2669,1758585149.8917193,train_loss,0.05225014686584473
2669,1758585149.8917754,epoch,9.0
2679,1758585150.470574,train_loss,0.06628948450088501
2679,1758585150.4706302,epoch,9.0
504,1758585150.7624533,val_loss_step,0.052650757133960724
505,1758585150.7893186,val_loss_step,0.05479828640818596
506,1758585150.8152673,val_loss_step,0.059425532817840576
507,1758585150.836306,val_loss_step,0.05642329528927803
508,1758585150.8623993,val_loss_step,0.054805148392915726
509,1758585150.8823469,val_loss_step,0.05920270457863808
510,1758585150.9031088,val_loss_step,0.05652541294693947
511,1758585150.9230864,val_loss_step,0.058799903839826584
512,1758585150.9448102,val_loss_step,0.055440858006477356
513,1758585150.9698598,val_loss_step,0.05899481102824211
514,1758585150.9945111,val_loss_step,0.049136579036712646
515,1758585151.0143886,val_loss_step,0.048511963337659836
516,1758585151.041406,val_loss_step,0.046663571149110794
517,1758585151.0613663,val_loss_step,0.045072223991155624
518,1758585151.0821579,val_loss_step,0.044297631829977036
519,1758585151.1027203,val_loss_step,0.04778248071670532
520,1758585151.1245215,val_loss_step,0.05209474265575409
521,1758585151.1495988,val_loss_step,0.050664085894823074
522,1758585151.1739511,val_loss_step,0.05285854637622833
523,1758585151.1943638,val_loss_step,0.04823555424809456
524,1758585151.223405,val_loss_step,0.04831356182694435
525,1758585151.2438538,val_loss_step,0.05223052203655243
526,1758585151.264254,val_loss_step,0.05069531872868538
527,1758585151.2850432,val_loss_step,0.052181847393512726
528,1758585151.3063314,val_loss_step,0.046898823231458664
529,1758585151.332514,val_loss_step,0.05650930479168892
530,1758585151.3576407,val_loss_step,0.04554271325469017
531,1758585151.378655,val_loss_step,0.04815634340047836
532,1758585151.4048166,val_loss_step,0.04751192778348923
533,1758585151.4251359,val_loss_step,0.0550830140709877
534,1758585151.445202,val_loss_step,0.04480258747935295
535,1758585151.4652865,val_loss_step,0.052121568471193314
536,1758585151.4856973,val_loss_step,0.052933238446712494
537,1758585151.5100095,val_loss_step,0.04781746864318848
538,1758585151.535528,val_loss_step,0.04690586403012276
539,1758585151.5557258,val_loss_step,0.042632196098566055
540,1758585151.5809164,val_loss_step,0.04754849523305893
541,1758585151.6014001,val_loss_step,0.042063094675540924
542,1758585151.6212323,val_loss_step,0.044355928897857666
543,1758585151.6420727,val_loss_step,0.04743492975831032
544,1758585151.662404,val_loss_step,0.044560469686985016
545,1758585151.6867273,val_loss_step,0.045553866773843765
546,1758585151.7122755,val_loss_step,0.04764275997877121
547,1758585151.7323225,val_loss_step,0.04206240177154541
548,1758585151.759118,val_loss_step,0.04584160074591637
549,1758585151.778506,val_loss_step,0.04388483986258507
550,1758585151.799058,val_loss_step,0.04612872749567032
551,1758585151.8192313,val_loss_step,0.046864062547683716
552,1758585151.8398702,val_loss_step,0.04746900126338005
553,1758585151.863519,val_loss_step,0.04679791256785393
554,1758585151.8873403,val_loss_step,0.050609931349754333
555,1758585151.9065545,val_loss_step,0.0458713099360466
556,1758585151.9274762,val_loss_step,0.04616009071469307
557,1758585151.9474328,val_loss_step,0.04832638055086136
558,1758585151.9670975,val_loss_step,0.04722525551915169
559,1758585151.9874237,val_loss_step,0.051765188574790955
2679,1758585151.9898014,val_loss_epoch,0.04948011040687561
2679,1758585151.9898393,epoch,9.0
0,1758585153.3877418,hp_metric,-1.0
0,1758585153.3880634,_hparams_/experiment,0.0
0,1758585153.388077,_hparams_/session_start_info,0.0
0,1758585153.3880837,_hparams_/session_end_info,0.0
0,1758585154.9178863,rmse_average,0.024390000849962234
0,1758585154.9180129,rmse_rank_average,0.20000000298023224
0,1758585154.918059,cosine_logfc,0.7188000082969666
0,1758585154.9180946,cosine_rank_logfc,0.20000000298023224
